Samples,Class
b972c2e3-6568-442a-9b9a-5cee12db7660,Tumor
a45e717d-c863-4658-bf7a-34e54fdb0cf9,Tumor
1b0c1140-ee7e-4303-b523-cebf5fb637f8,Tumor
2a029ea7-021d-4d51-9496-0e7658b694f8,Tumor
ba137f81-008b-4941-99a9-645202dba0c8,Tumor
f201d5ea-da2d-4aea-b5fe-39d42dbf1d9c,Tumor
9c1ae816-a2f8-45dc-8cc8-ee820d0fb0a7,Tumor
0b958dd2-407e-45ce-a62b-33cf663aa53e,Tumor
f51dd6d2-3803-4c65-a812-7677f81f5c19,Tumor
198805fa-5b33-491f-ba98-6f2baa3d592f,Tumor
91cb8641-bc36-4c81-9fa5-03b7cafa79de,Tumor
981cfc2c-90ba-4fc4-8d63-2d7f8709d456,Tumor
248f2ea1-788a-4ce1-b6b7-847ee673dda4,Tumor
3d82630a-1b8c-4fcf-a451-2bd5bee82c3b,Tumor
38af540d-3bfa-4218-b3e2-fc68b032fb3c,Tumor
41dda3eb-f00a-4f43-9d8f-ab70613b49da,Tumor
31afac63-bdbe-44c0-9bd6-c9bdff2153ba,Tumor
10d7c701-b002-462f-9418-a05eb1e29cae,Tumor
da08aabc-c3a5-4c85-8af5-1dc60d719fcc,Tumor
e8ea213c-22b4-4405-b28a-43cb2b42a65d,Tumor
f3eea4e0-c703-442a-8597-6cdfcfa7e433,Tumor
c8951981-d77c-43a0-a1ab-d0ba778caa4c,Tumor
74d327bd-03ae-40f8-86bf-1b9b356ae9c5,Tumor
a234a0dc-6bea-4b90-9ca5-dc7bf52d1a0f,Tumor
543a237a-d71a-4aa0-a20f-8d09d83b0651,Tumor
55d567f2-e6ce-4a1f-b8ea-9e1e6a84dd8d,Tumor
ede76795-2f06-4bf1-8c26-9bba8fd90b89,Tumor
77022183-0213-4712-b1af-63141758a574,Tumor
5b5acc70-724a-463b-a567-1ae703191ca7,Tumor
954dfa45-0332-4036-ba5d-ad0fa2a38873,Tumor
1ac7f5aa-b33b-46bf-8ca2-4e5fd49994b4,Tumor
0100d06e-cc9d-4ddc-a9b2-93bfea759f7a,Tumor
6d5c7c17-e93f-4547-bdc0-7fd6e9205669,Tumor
cae14b89-b5c9-41fc-8114-0b54552de901,Tumor
d7ddc59b-23a1-4550-9eeb-968c27d71da9,Tumor
ac09555d-d1e0-43d0-bad5-e430b1d62862,Tumor
be5b1174-c71a-47cd-b7b7-b89c77b86c1e,Tumor
422eb4db-d215-499e-8dbc-3412866f7203,Tumor
768fa8a6-e70e-4532-97b5-56b563b97b6d,Tumor
f7d3cf0a-fd21-4bda-abd7-62444accbb69,Tumor
e81e3cc5-00fa-464d-9efc-4b6a9d7f3184,Tumor
8d0c6b3a-8c49-4711-85d3-d28e06df265b,Tumor
e71ec1ba-c986-43c2-9011-3753b3b227d9,Tumor
903fb806-1fcc-4e85-8efc-518ccc550231,Tumor
93bb744a-5a7e-425e-9682-548a63f5d90b,Tumor
4fdd0eca-6742-4348-aa12-c4bddfb86dd9,Tumor
77082945-9eb2-4088-b53f-d036f965473c,Tumor
b223c56b-729f-4556-a333-2170359f7bdb,Tumor
4b684e56-89cf-4d21-a1c8-f31f8dd8a761,Tumor
9bf3c813-f17f-4fa5-8bfa-1c3d9679654a,Tumor
fc82e311-a2ca-4017-b967-4e67716a11b1,Tumor
042ec84e-4bd4-4eb9-8e79-fac5a4a06071,Tumor
c709d51c-0137-4283-be70-d4b64b92dcd9,Tumor
799380cf-7395-4910-9baf-22ab8c46e1b1,Tumor
6fc26257-3395-4eba-a862-77318d964c53,Tumor
740a699f-e65c-4dd6-948e-c5a00fd46fc8,Normal
a608094f-f3cc-410e-be5d-49e455c71d6f,Normal
aa0de4fa-8488-4602-be00-4dfe06c1c4e0,Normal
1d0e8955-d26b-4355-8f5b-9e399721307f,Normal
01182f4f-27d3-439d-8a42-f2d109a01a66,Normal
5f9c9781-cce9-4cc3-af83-098c1425e717,Normal
8325095f-317c-4224-bde8-0b997b6bd151,Normal
62bfc352-538e-4dc9-90e1-c1cf77b31858,Normal
52a55f9a-f65e-4904-ad6e-9d00517ad984,Normal
313facf7-de35-45ce-a9fe-aa112e4ca7e9,Normal
4c47728b-7ef8-4eed-a64a-50059544e655,Normal
4f95fbf7-a17c-4b14-8abb-6c82088fc38a,Normal
9c88386e-35fc-4828-8cd1-39bcf94bb8e2,Normal
d331d002-993b-41c2-ae1d-8ebe124b6b89,Normal
d94aa877-1bb8-4215-85cf-3ae6b6d35d63,Normal
9e5ebe15-b97e-481c-84ac-f9ce0827038c,Normal
068af932-2cb0-4f7c-b4bd-42ebbea91d58,Normal
e6dbe569-0e7a-4fb2-8707-3be12f0cf33a,Normal
0f85b341-a638-4e83-a85d-272736dfaf38,Normal
7ac4a71e-636a-4640-9aed-997b882e1a80,Normal
fcc5360f-e79f-4458-b2a9-c902b7b544eb,Normal
92d8afac-7941-4776-8dcc-0c86c87496ab,Normal
a624d067-e74e-4825-adbf-3f0f294f89e7,Normal
6189d5b9-7db0-41a4-8be5-96346d5be942,Normal
3d433bf6-89bc-496f-aaf9-8fac42818ad9,Normal
5196a59c-0bd1-4d9f-a02f-69a8315f4aad,Normal
333a03e2-4e0e-4b4e-87f5-072e7949a33a,Normal
d8cd957c-035f-4555-87d4-d674fd4de755,Normal
f6a25cbf-8700-4232-9eac-dd38270dc8d4,Normal
05cbea1f-fb0b-4422-95a1-89b7bfea5f32,Normal
6cf23290-1888-4398-8585-76d06efa261f,Normal
eb59b97e-effe-40c6-a582-7bea00a42d83,Normal
0ca1300d-360e-428b-8b24-4d1284930bfe,Normal
984627d8-e10c-4500-b66f-c9ed82749b83,Normal
2697906d-2592-4412-aa1c-c40573291064,Normal
78413072-0fbb-40ed-b01a-2f0ae9b24dd0,Normal
d58f1c61-268e-45df-a682-b8ece61e68bb,Normal
cef8adf5-b21d-4fb1-8936-c0859fd7955f,Normal
6385eafe-3287-4c2b-9617-d29dab77ec19,Normal
9f72ca38-9ac9-4cea-9f24-af61b76a0920,Normal
20ef7e72-9b76-4a4f-985c-1c35503b3e86,Normal
a966e532-0cc5-4efa-bfbb-b0edfb18920b,Normal
e8a1ac0a-1400-4fa9-85c2-4c3d059e0091,Normal
3626df40-bc23-44be-9a2a-b09cb76dfd22,Normal
d9c2ea54-d691-433e-a9f4-225b286686a1,Normal
22f66f1c-b986-4ca5-93eb-0ac92dc1b39a,Normal
ac9b5b1c-5652-47db-aa97-16236e34fab4,Normal
3d677425-9b0d-40d4-bc56-567a2d63b92d,Normal
96c988b0-0497-4f68-ac1e-b759d8c87465,Normal
2defab7c-4fda-4415-abcc-ddb61196da61,Normal
8eb58192-2784-4451-9cb4-e93c328e6b5e,Normal
a857a70e-7c6a-4b92-a068-c5d569db0b5f,Normal
